parameter,index,value
Y_XCom_SLNT,3,1.16402448004875
Y_XCom_S2FL,4,2.91116605876192
Y_XCom_3SL,5,75
Y_XCom_SLactose,6,0.32033092277727
Y_XCom_SNeu5Ac,9,75
Y_XCom_SFucose,10,74.9737844644075
K_SLNT,15,75
K_S2FL,16,36.5144681787067
K_S3SL,17,75
K_SLactose,18,2.24386608786335
K_SGalactose,19,28.8190655255759
K_SGlucose,20,66.5859187777385
K_SNeu5Ac,21,46.3621118786321
K_SFucose,22,59.3379226033373
