parameter,index,value
mu_max,1,1.21899768140695
kd,2,0.0577381970430945
Y_XCom_SLNT,3,0.164244934642573
Y_XCom_SGalactose,7,45.529726129862
Y_XCom_SGlucose,8,36.824281076002
k1,11,0.22044459278513
k2,12,0.369480786877314
k3,13,0.818983532573493
k4,14,0.264884042974086
