parameter,index,value
mu_max,1,1.81408780005226
kd,2,0.0753568909051995
Y_XCom_SGalactose,7,42.550030666387
Y_XCom_SGlucose,8,52.7543526950088
k1,11,0.262515793358725
k2,12,0.232873217011187
k3,13,0.560057769838653
k4,14,0.105514760687158
