parameter,index,value
Y_XCom_S2FL,4,0.868050843868992
Y_XCom_3SL,5,75
Y_XCom_SLactose,6,0.470919324774156
Y_XCom_SNeu5Ac,9,75
Y_XCom_SFucose,10,0.666785933930276
K_SLNT,15,1e-05
K_S2FL,16,0.121765737331316
K_S3SL,17,74.9963295986137
K_SLactose,18,8.61254132105673
K_SGalactose,19,0.00853030967259479
K_SGlucose,20,26.1372521239273
K_SNeu5Ac,21,75
K_SFucose,22,2.33686049866924
