parameter,index,value
mu_max,1,1.22113272534035
kd,2,0.0580009848275812
Y_XCom_SLNT,3,0.1735373331424
Y_XCom_SGalactose,7,5.474138729148
Y_XCom_SGlucose,8,26.6133528968496
k1,11,0.234595649583172
k2,12,0.369189765165647
k3,13,0.815808808637986
k4,14,0.268458393891986
