parameter,index,value
mu_max,1,0.933369357098224
kd,2,0.0999999999894043
Y_XCom_SGalactose,7,28.1594099633005
Y_XCom_SGlucose,8,21.8444288172659
k1,11,0.0193927395197332
k2,12,0.0205575349948891
k3,13,0.29749661315727
k4,14,0.0270265602842341
