parameter,index,value
Y_XCom_SLNT,3,0.537498908156538
Y_XCom_S2FL,4,0.55478225114151
Y_XCom_3SL,5,50
Y_XCom_SLactose,6,0.490958434520755
Y_XCom_SNeu5Ac,9,50
Y_XCom_SFucose,10,4.06392209125617
K_SLNT,15,49.9999999947016
K_S2FL,16,0.0429682786241875
K_S3SL,17,50
K_SLactose,18,1.22227769336829
K_SGalactose,19,14.3065139909203
K_SGlucose,20,45.0453941032787
K_SNeu5Ac,21,9.1442624205459
K_SFucose,22,0.125906487716113
