exp,sse
all,402.924838446768
bbif,113.559406651399
bbre,233.797431439226
binf,1056.66952021909
bthe,391.875226405815
ecol,403.618044086094
lsym,893.102896527051
paci,789.903426165886
