parameter,index,value
mu_max,1,2
kd,2,0.0324864344015799
Y_XCom_SLNT,3,0.201345337475507
Y_XCom_3SL,5,50
k1,11,0.22348271515889
k2,12,0.202425464147802
k3,13,1.25763201332967
k4,14,0.239623247850172
