parameter,index,value
mu_max,1,2
kd,2,0.1
Y_XCom_SGalactose,7,24.453552827438
Y_XCom_SGlucose,8,11.1804175268192
k1,11,0.291259236221728
k2,12,0.255965634099824
k3,13,0.521316324780364
k4,14,0.0778575718185031
