parameter,index,value
Y_XCom_SLNT,3,1.39383606736463
Y_XCom_S2FL,4,3.31642699393589
Y_XCom_3SL,5,50
Y_XCom_SLactose,6,0.293241116809198
Y_XCom_SNeu5Ac,9,50
Y_XCom_SFucose,10,49.9921652330372
K_SLNT,15,32.7288990615856
K_S2FL,16,46.0072948671266
K_S3SL,17,50
K_SLactose,18,3.3808973256835
K_SGalactose,19,39.2916983687822
K_SGlucose,20,48.7007202410084
K_SNeu5Ac,21,50
K_SFucose,22,25.8902112996201
