parameter,index,value
mu_max,1,0.934387610569839
kd,2,0.0997189386210012
Y_XCom_SGalactose,7,0.0520490814297678
Y_XCom_SGlucose,8,75
k1,11,0.0164879902470627
k2,12,0.0201985563326992
k3,13,0.303473237885408
k4,14,0.0200683952159679
