parameter,index,value
mu_max,1,0.825277990161462
kd,2,0.040685615544104
Y_XCom_SGalactose,7,73.250885360715
Y_XCom_SGlucose,8,66.0457602716656
k2,12,0.0691605995476998
k3,13,0.0705657819791634
k4,14,0.481864305388197
