parameter,index,value
mu_max,1,0.810446615426908
kd,2,0.0400776291498881
Y_XCom_SGalactose,7,4.87918129609886
Y_XCom_SGlucose,8,47.3262234638166
k2,12,0.0730091582600074
k3,13,0.0728705351805474
k4,14,0.5009143281397
