parameter,index,value
mu_max,1,1.0087934314757
kd,2,0.1
Y_XCom_SLNT,3,0.398332944180578
Y_XCom_S2FL,4,0.601105561626173
Y_XCom_SLactose,6,0.525251184707877
Y_XCom_SGalactose,7,75
Y_XCom_SGlucose,8,45.168491726731
k2,12,0.038218132997056
k3,13,0.257392513908137
k4,14,1e-05
