parameter,index,value
mu_max,1,1.9368895612273
kd,2,0.1
Y_XCom_S2FL,4,0.483344469605691
Y_XCom_SGalactose,7,49.9999991880668
Y_XCom_SGlucose,8,49.312380622088
k1,11,0.0736329078746903
k2,12,0.137320597562948
k3,13,0.484519895093518
k4,14,0.0567913488577976
