parameter,index,value
mu_max,1,0.984023496592124
kd,2,0.0489776205122065
Y_XCom_SLNT,3,0.24015213463641
Y_XCom_SGalactose,7,16.4634784114102
Y_XCom_SGlucose,8,60.895743126842
k1,11,0.185902977193898
k2,12,0.265271272719592
k3,13,0.832066421679554
k4,14,0.240876266334816
