parameter,index,value
mu_max,1,2
kd,2,0.0317254849154044
Y_XCom_SLNT,3,0.28611645620538
Y_XCom_3SL,5,75
k1,11,0.269305496535127
k2,12,0.196012265749506
k3,13,1.16741498726596
k4,14,0.267865113568239
