parameter,index,value
Y_XCom_3SL,5,74.9999982116426
Y_XCom_SNeu5Ac,9,75
Y_XCom_SFucose,10,74.9999999860285
k1,11,1.00139715419549e-05
K_SLNT,15,73.3257169960289
K_S2FL,16,1.02235446712777e-05
K_S3SL,17,58.7747678727857
K_SLactose,18,1.06144332823238
K_SGalactose,19,20.6456937789775
K_SGlucose,20,3.87399164620114
K_SNeu5Ac,21,74.9999999860285
K_SFucose,22,1.0645210099999
