parameter,index,value
mu_max,1,0.936132021932492
kd,2,0.083859408589187
Y_XCom_SLNT,3,0.35411042210642
Y_XCom_S2FL,4,0.527647667785813
Y_XCom_SLactose,6,0.603458192587607
Y_XCom_SGalactose,7,50
Y_XCom_SGlucose,8,22.8637552990947
k2,12,0.0387568037842875
k3,13,0.265924905344506
k4,14,0.0612477607142667
