parameter,index,value
Y_XCom_3SL,5,50
Y_XCom_SNeu5Ac,9,49.9754105735899
Y_XCom_SFucose,10,50
k1,11,0.0001
K_SLNT,15,50
K_S2FL,16,0.00263462005905101
K_S3SL,17,50
K_SLactose,18,1.41124995168232
K_SGalactose,19,12.0089248843775
K_SGlucose,20,18.6021006236492
K_SNeu5Ac,21,50
K_SFucose,22,1.16185559907235
