parameter,index,value
mu_max,1,1.94963355399198
kd,2,0.0999937347474453
Y_XCom_S2FL,4,0.480486160157631
Y_XCom_SGalactose,7,59.310105925725
Y_XCom_SGlucose,8,0.182634953083225
k1,11,0.0726503670959983
k2,12,0.133657499095495
k3,13,0.483661415336868
k4,14,0.0524279601500662
